"time","price"
"2017-08-17","4261.48"
"2017-08-18","4285.08"
"2017-08-19","4108.37"
"2017-08-20","4120.98"
"2017-08-21","4069.13"
"2017-08-22","4016.0"
"2017-08-23","4040.0"
"2017-08-24","4147.0"
"2017-08-25","4316.01"
"2017-08-26","4280.71"
"2017-08-27","4332.51"
"2017-08-28","4310.01"
"2017-08-29","4353.65"
"2017-08-30","4564.52"
"2017-08-31","4555.14"
"2017-09-01","4689.89"
"2017-09-02","4796.16"
"2017-09-03","4508.5"
"2017-09-04","4505.0"
"2017-09-05","4106.97"
"2017-09-06","4366.49"
"2017-09-07","4619.77"
"2017-09-08","4691.66"
"2017-09-09","4282.8"
"2017-09-10","4258.81"
"2017-09-11","4153.62"
"2017-09-12","4208.6"
"2017-09-13","4159.72"
"2017-09-14","3944.0"
"2017-09-15","3188.01"
"2017-09-16","3674.01"
"2017-09-17","3685.23"
"2017-09-18","3690.0"
"2017-09-19","4060.0"
"2017-09-20","3910.04"
"2017-09-21","3889.99"
"2017-09-22","3592.84"
"2017-09-23","3595.88"
"2017-09-24","3779.54"
"2017-09-25","3660.02"
"2017-09-26","3928.0"
"2017-09-27","3882.36"
"2017-09-28","4192.11"
"2017-09-29","4178.98"
"2017-09-30","4175.0"
"2017-10-01","4378.49"
"2017-10-02","4400.0"
"2017-10-03","4380.0"
"2017-10-04","4314.9"
"2017-10-05","4208.59"
"2017-10-06","4318.99"
"2017-10-07","4369.0"
"2017-10-08","4425.0"
"2017-10-09","4640.0"
"2017-10-10","4786.95"
"2017-10-11","4783.06"
"2017-10-12","4821.43"
"2017-10-13","5439.99"
"2017-10-14","5650.0"
"2017-10-15","5855.03"
"2017-10-16","5710.0"
"2017-10-17","5760.0"
"2017-10-18","5595.0"
"2017-10-19","5513.0"
"2017-10-20","5683.31"
"2017-10-21","6013.72"
"2017-10-22","6003.27"
"2017-10-23","5975.0"
"2017-10-24","5909.47"
"2017-10-25","5506.92"
"2017-10-26","5670.1"
"2017-10-27","5861.77"
"2017-10-28","5768.79"
"2017-10-29","5709.98"
"2017-10-30","6133.01"
"2017-10-31","6120.52"
"2017-11-01","6463.0"
"2017-11-02","6753.98"
"2017-11-03","7010.31"
"2017-11-04","7115.02"
"2017-11-05","7357.27"
"2017-11-06","7345.1"
"2017-11-07","6981.72"
"2017-11-08","7070.0"
"2017-11-09","7303.01"
"2017-11-10","7079.0"
"2017-11-11","6503.0"
"2017-11-12","6245.05"
"2017-11-13","5839.94"
"2017-11-14","6465.99"
"2017-11-15","6575.99"
"2017-11-16","7240.14"
"2017-11-17","7876.98"
"2017-11-18","7680.01"
"2017-11-19","7761.94"
"2017-11-20","8057.11"
"2017-11-21","8212.49"
"2017-11-22","8091.09"
"2017-11-23","8233.03"
"2017-11-24","8019.97"
"2017-11-25","8138.99"
"2017-11-26","8700.04"
"2017-11-27","9128.0"
"2017-11-28","9650.0"
"2017-11-29","9896.79"
"2017-11-30","9687.88"
"2017-12-01","9837.0"
"2017-12-02","10775.04"
"2017-12-03","10902.69"
"2017-12-04","11165.41"
"2017-12-05","11571.03"
"2017-12-06","11699.99"
"2017-12-07","13541.01"
"2017-12-08","16599.0"
"2017-12-09","15880.01"
"2017-12-10","14664.01"
"2017-12-11","14946.26"
"2017-12-12","16587.97"
"2017-12-13","16349.99"
"2017-12-14","16030.34"
"2017-12-15","16334.98"
"2017-12-16","17516.81"
"2017-12-17","19120.19"
"2017-12-18","18860.04"
"2017-12-19","18856.25"
"2017-12-20","17295.2"
"2017-12-21","16480.52"
"2017-12-22","15514.03"
"2017-12-23","13326.61"
"2017-12-24","13300.0"
"2017-12-25","13500.0"
"2017-12-26","13699.34"
"2017-12-27","15709.98"
"2017-12-28","15459.97"
"2017-12-29","14199.14"
"2017-12-30","14378.99"
"2017-12-31","12345.1"
"2018-01-01","13715.65"
"2018-01-02","13382.16"
"2018-01-03","14690.0"
"2018-01-04","14919.51"
"2018-01-05","15059.56"
"2018-01-06","16960.39"
"2018-01-07","17069.79"
"2018-01-08","16218.85"
"2018-01-09","14902.54"
"2018-01-10","14401.0"
"2018-01-11","14940.0"
"2018-01-12","13238.76"
"2018-01-13","13749.95"
"2018-01-14","14210.0"
"2018-01-15","13477.98"
"2018-01-16","13500.0"
"2018-01-17","10899.99"
"2018-01-18","10972.59"
"2018-01-19","10960.0"
"2018-01-20","11474.98"
"2018-01-21","12799.8"
"2018-01-22","11530.0"
"2018-01-23","10760.05"
"2018-01-24","10799.14"
"2018-01-25","11349.96"
"2018-01-26","11184.7"
"2018-01-27","11089.0"
"2018-01-28","11499.98"
"2018-01-29","11879.95"
"2018-01-30","11250.11"
"2018-01-31","10230.0"
"2018-02-01","10285.1"
"2018-02-02","9224.52"
"2018-02-03","8873.03"
"2018-02-04","9199.96"
"2018-02-05","8179.99"
"2018-02-06","6939.63"
"2018-02-07","7655.02"
"2018-02-08","7599.0"
"2018-02-09","7789.9"
"2018-02-10","8683.93"
"2018-02-11","8533.99"
"2018-02-12","8063.82"
"2018-02-13","8903.0"
"2018-02-14","8535.17"
"2018-02-15","9449.98"
"2018-02-16","10000.89"
"2018-02-17","10156.07"
"2018-02-18","11039.55"
"2018-02-19","10375.01"
"2018-02-20","11147.11"
"2018-02-21","11195.07"
"2018-02-22","10439.02"
"2018-02-23","9815.55"
"2018-02-24","10131.04"
"2018-02-25","9694.51"
"2018-02-26","9590.0"
"2018-02-27","10321.0"
"2018-02-28","10584.33"
"2018-03-01","10325.64"
"2018-03-02","10923.36"
"2018-03-03","11038.99"
"2018-03-04","11464.47"
"2018-03-05","11515.0"
"2018-03-06","11455.0"
"2018-03-07","10716.48"
"2018-03-08","9910.0"
"2018-03-09","9267.07"
"2018-03-10","9230.0"
"2018-03-11","8770.22"
"2018-03-12","9533.57"
"2018-03-13","9131.34"
"2018-03-14","9151.92"
"2018-03-15","8184.01"
"2018-03-16","8240.98"
"2018-03-17","8260.0"
"2018-03-18","7824.01"
"2018-03-19","8189.0"
"2018-03-20","8595.01"
"2018-03-21","8909.96"
"2018-03-22","8884.82"
"2018-03-23","8720.0"
"2018-03-24","8898.04"
"2018-03-25","8531.25"
"2018-03-26","8470.14"
"2018-03-27","8134.22"
"2018-03-28","7795.51"
"2018-03-29","7949.3"
"2018-03-30","7090.16"
"2018-03-31","6840.24"
"2018-04-01","6922.0"
"2018-04-02","6813.01"
"2018-04-03","7063.97"
"2018-04-04","7405.21"
"2018-04-05","6796.1"
"2018-04-06","6770.0"
"2018-04-07","6601.39"
"2018-04-08","6895.81"
"2018-04-09","7011.04"
"2018-04-10","6781.55"
"2018-04-11","6839.56"
"2018-04-12","6953.78"
"2018-04-13","7922.99"
"2018-04-14","7877.48"
"2018-04-15","8004.0"
"2018-04-16","8355.07"
"2018-04-17","8064.92"
"2018-04-18","7890.96"
"2018-04-19","8173.99"
"2018-04-20","8273.84"
"2018-04-21","8852.12"
"2018-04-22","8915.31"
"2018-04-23","8785.7"
"2018-04-24","8934.0"
"2018-04-25","9618.96"
"2018-04-26","8869.99"
"2018-04-27","9267.03"
"2018-04-28","8915.35"
"2018-04-29","9348.0"
"2018-04-30","9417.04"
"2018-05-01","9246.01"
"2018-05-02","9071.48"
"2018-05-03","9247.81"
"2018-05-04","9750.0"
"2018-05-05","9714.0"
"2018-05-06","9863.99"
"2018-05-07","9661.02"
"2018-05-08","9365.0"
"2018-05-09","9178.0"
"2018-05-10","9310.0"
"2018-05-11","9002.21"
"2018-05-12","8405.94"
"2018-05-13","8475.44"
"2018-05-14","8679.71"
"2018-05-15","8663.37"
"2018-05-16","8462.0"
"2018-05-17","8330.0"
"2018-05-18","8038.82"
"2018-05-19","8238.01"
"2018-05-20","8233.49"
"2018-05-21","8526.97"
"2018-05-22","8386.89"
"2018-05-23","7977.12"
"2018-05-24","7501.95"
"2018-05-25","7578.99"
"2018-05-26","7456.99"
"2018-05-27","7334.0"
"2018-05-28","7338.99"
"2018-05-29","7099.0"
"2018-05-30","7467.98"
"2018-05-31","7382.07"
"2018-06-01","7485.01"
"2018-06-02","7521.01"
"2018-06-03","7636.81"
"2018-06-04","7714.26"
"2018-06-05","7487.0"
"2018-06-06","7626.64"
"2018-06-07","7658.79"
"2018-06-08","7691.08"
"2018-06-09","7603.44"
"2018-06-10","7491.73"
"2018-06-11","6765.0"
"2018-06-12","6872.0"
"2018-06-13","6530.0"
"2018-06-14","6292.78"
"2018-06-15","6638.67"
"2018-06-16","6380.01"
"2018-06-17","6482.5"
"2018-06-18","6444.06"
"2018-06-19","6711.39"
"2018-06-20","6740.0"
"2018-06-21","6763.21"
"2018-06-22","6717.69"
"2018-06-23","6045.92"
"2018-06-24","6149.98"
"2018-06-25","6137.95"
"2018-06-26","6252.0"
"2018-06-27","6065.89"
"2018-06-28","6134.73"
"2018-06-29","5851.01"
"2018-06-30","6197.92"
"2018-07-01","6391.08"
"2018-07-02","6360.82"
"2018-07-03","6615.29"
"2018-07-04","6511.01"
"2018-07-05","6585.53"
"2018-07-06","6529.2"
"2018-07-07","6609.79"
"2018-07-08","6753.48"
"2018-07-09","6712.1"
"2018-07-10","6662.78"
"2018-07-11","6296.91"
"2018-07-12","6378.07"
"2018-07-13","6251.4"
"2018-07-14","6214.57"
"2018-07-15","6250.9"
"2018-07-16","6354.15"
"2018-07-17","6723.33"
"2018-07-18","7317.44"
"2018-07-19","7381.88"
"2018-07-20","7468.86"
"2018-07-21","7337.47"
"2018-07-22","7399.25"
"2018-07-23","7394.78"
"2018-07-24","7721.65"
"2018-07-25","8397.24"
"2018-07-26","8175.63"
"2018-07-27","7920.0"
"2018-07-28","8188.57"
"2018-07-29","8225.04"
"2018-07-30","8210.99"
"2018-07-31","8171.4"
"2018-08-01","7735.67"
"2018-08-02","7600.08"
"2018-08-03","7525.71"
"2018-08-04","7412.27"
"2018-08-05","7009.84"
"2018-08-06","7024.19"
"2018-08-07","6935.0"
"2018-08-08","6720.63"
"2018-08-09","6283.27"
"2018-08-10","6529.79"
"2018-08-11","6148.13"
"2018-08-12","6222.55"
"2018-08-13","6308.56"
"2018-08-14","6248.25"
"2018-08-15","6188.08"
"2018-08-16","6265.27"
"2018-08-17","6316.0"
"2018-08-18","6579.04"
"2018-08-19","6387.96"
"2018-08-20","6477.53"
"2018-08-21","6251.0"
"2018-08-22","6479.98"
"2018-08-23","6362.57"
"2018-08-24","6525.0"
"2018-08-25","6686.98"
"2018-08-26","6733.64"
"2018-08-27","6700.0"
"2018-08-28","6907.26"
"2018-08-29","7077.0"
"2018-08-30","7033.21"
"2018-08-31","6984.84"
"2018-09-01","7011.21"
"2018-09-02","7201.57"
"2018-09-03","7302.0"
"2018-09-04","7263.0"
"2018-09-05","7359.05"
"2018-09-06","6697.27"
"2018-09-07","6516.84"
"2018-09-08","6395.54"
"2018-09-09","6185.06"
"2018-09-10","6252.26"
"2018-09-11","6311.99"
"2018-09-12","6293.0"
"2018-09-13","6338.62"
"2018-09-14","6487.39"
"2018-09-15","6476.63"
"2018-09-16","6514.96"
"2018-09-17","6500.08"
"2018-09-18","6248.69"
"2018-09-19","6336.39"
"2018-09-20","6392.0"
"2018-09-21","6492.0"
"2018-09-22","6759.01"
"2018-09-23","6723.05"
"2018-09-24","6706.81"
"2018-09-25","6581.42"
"2018-09-26","6445.11"
"2018-09-27","6467.84"
"2018-09-28","6689.12"
"2018-09-29","6634.58"
"2018-09-30","6597.66"
"2018-10-01","6626.57"
"2018-10-02","6610.0"
"2018-10-03","6525.79"
"2018-10-04","6510.01"
"2018-10-05","6591.69"
"2018-10-06","6635.65"
"2018-10-07","6596.44"
"2018-10-08","6615.26"
"2018-10-09","6673.01"
"2018-10-10","6656.67"
"2018-10-11","6630.21"
"2018-10-12","6252.71"
"2018-10-13","6298.0"
"2018-10-14","6332.92"
"2018-10-15","6339.34"
"2018-10-16","6752.5"
"2018-10-17","6762.76"
"2018-10-18","6739.01"
"2018-10-19","6618.96"
"2018-10-20","6528.88"
"2018-10-21","6585.72"
"2018-10-22","6590.12"
"2018-10-23","6581.2"
"2018-10-24","6553.51"
"2018-10-25","6566.81"
"2018-10-26","6528.13"
"2018-10-27","6538.63"
"2018-10-28","6505.6"
"2018-10-29","6489.93"
"2018-10-30","6344.5"
"2018-10-31","6330.01"
"2018-11-01","6369.52"
"2018-11-02","6410.0"
"2018-11-03","6432.8"
"2018-11-04","6388.0"
"2018-11-05","6485.85"
"2018-11-06","6468.99"
"2018-11-07","6522.73"
"2018-11-08","6578.46"
"2018-11-09","6479.84"
"2018-11-10","6419.99"
"2018-11-11","6435.16"
"2018-11-12","6450.71"
"2018-11-13","6451.68"
"2018-11-14","6458.98"
"2018-11-15","5917.2"
"2018-11-16","5757.09"
"2018-11-17","5650.57"
"2018-11-18","5630.49"
"2018-11-19","5661.94"
"2018-11-20","4913.4"
"2018-11-21","4559.91"
"2018-11-22","4661.08"
"2018-11-23","4370.9"
"2018-11-24","4415.63"
"2018-11-25","3933.68"
"2018-11-26","4088.69"
"2018-11-27","3864.45"
"2018-11-28","3875.63"
"2018-11-29","4262.06"
"2018-11-30","4295.72"
"2018-12-01","4041.27"
"2018-12-02","4190.98"
"2018-12-03","4160.55"
"2018-12-04","3884.76"
"2018-12-05","3950.98"
"2018-12-06","3768.44"
"2018-12-07","3508.75"
"2018-12-08","3403.57"
"2018-12-09","3411.36"
"2018-12-10","3548.49"
"2018-12-11","3434.01"
"2018-12-12","3379.23"
"2018-12-13","3446.38"
"2018-12-14","3302.06"
"2018-12-15","3225.19"
"2018-12-16","3211.71"
"2018-12-17","3229.22"
"2018-12-18","3509.03"
"2018-12-19","3653.0"
"2018-12-20","3660.01"
"2018-12-21","4051.86"
"2018-12-22","3840.25"
"2018-12-23","3948.91"
"2018-12-24","3929.71"
"2018-12-25","4010.11"
"2018-12-26","3745.56"
"2018-12-27","3777.74"
"2018-12-28","3567.89"
"2018-12-29","3839.0"
"2018-12-30","3696.71"
"2018-12-31","3803.12"
"2019-01-01","3701.23"
"2019-01-02","3796.45"
"2019-01-03","3857.57"
"2019-01-04","3767.2"
"2019-01-05","3790.09"
"2019-01-06","3771.12"
"2019-01-07","3987.62"
"2019-01-08","3976.76"
"2019-01-09","3955.45"
"2019-01-10","3966.06"
"2019-01-11","3585.88"
"2019-01-12","3601.31"
"2019-01-13","3584.1"
"2019-01-14","3477.56"
"2019-01-15","3626.08"
"2019-01-16","3553.06"
"2019-01-17","3591.84"
"2019-01-18","3613.32"
"2019-01-19","3594.87"
"2019-01-20","3665.75"
"2019-01-21","3539.26"
"2019-01-22","3526.88"
"2019-01-23","3570.41"
"2019-01-24","3552.97"
"2019-01-25","3569.07"
"2019-01-26","3566.69"
"2019-01-27","3565.62"
"2019-01-28","3550.05"
"2019-01-29","3434.0"
"2019-01-30","3410.04"
"2019-01-31","3457.5"
"2019-02-01","3434.1"
"2019-02-02","3462.2"
"2019-02-03","3504.06"
"2019-02-04","3458.11"
"2019-02-05","3463.22"
"2019-02-06","3471.57"
"2019-02-07","3407.0"
"2019-02-08","3398.4"
"2019-02-09","3660.27"
"2019-02-10","3665.18"
"2019-02-11","3679.75"
"2019-02-12","3631.05"
"2019-02-13","3631.51"
"2019-02-14","3608.34"
"2019-02-15","3590.57"
"2019-02-16","3602.49"
"2019-02-17","3617.22"
"2019-02-18","3667.62"
"2019-02-19","3897.35"
"2019-02-20","3907.35"
"2019-02-21","3969.74"
"2019-02-22","3937.31"
"2019-02-23","3962.0"
"2019-02-24","4118.0"
"2019-02-25","3743.56"
"2019-02-26","3828.44"
"2019-02-27","3809.31"
"2019-02-28","3818.04"
"2019-03-01","3814.26"
"2019-03-02","3822.17"
"2019-03-03","3819.97"
"2019-03-04","3807.32"
"2019-03-05","3716.1"
"2019-03-06","3857.58"
"2019-03-07","3861.84"
"2019-03-08","3873.63"
"2019-03-09","3864.88"
"2019-03-10","3943.43"
"2019-03-11","3915.99"
"2019-03-12","3871.61"
"2019-03-13","3882.69"
"2019-03-14","3866.0"
"2019-03-15","3877.12"
"2019-03-16","3924.46"
"2019-03-17","4005.98"
"2019-03-18","3981.85"
"2019-03-19","3987.83"
"2019-03-20","4017.48"
"2019-03-21","4043.04"
"2019-03-22","3980.85"
"2019-03-23","3987.89"
"2019-03-24","4006.01"
"2019-03-25","3991.35"
"2019-03-26","3935.47"
"2019-03-27","3948.77"
"2019-03-28","4039.58"
"2019-03-29","4028.22"
"2019-03-30","4104.24"
"2019-03-31","4106.99"
"2019-04-01","4102.44"
"2019-04-02","4144.54"
"2019-04-03","4857.19"
"2019-04-04","4932.59"
"2019-04-05","4898.64"
"2019-04-06","5004.96"
"2019-04-07","5042.07"
"2019-04-08","5170.27"
"2019-04-09","5238.38"
"2019-04-10","5150.0"
"2019-04-11","5307.86"
"2019-04-12","5017.37"
"2019-04-13","5047.0"
"2019-04-14","5047.45"
"2019-04-15","5131.28"
"2019-04-16","5024.95"
"2019-04-17","5173.72"
"2019-04-18","5202.41"
"2019-04-19","5258.44"
"2019-04-20","5258.68"
"2019-04-21","5292.91"
"2019-04-22","5257.41"
"2019-04-23","5357.14"
"2019-04-24","5490.91"
"2019-04-25","5415.0"
"2019-04-26","5220.47"
"2019-04-27","5315.0"
"2019-04-28","5295.69"
"2019-04-29","5309.81"
"2019-04-30","5238.14"
"2019-05-01","5321.94"
"2019-05-02","5383.2"
"2019-05-03","5494.81"
"2019-05-04","5770.62"
"2019-05-05","5829.83"
"2019-05-06","5773.18"
"2019-05-07","5749.92"
"2019-05-08","5846.34"
"2019-05-09","5986.66"
"2019-05-10","6209.95"
"2019-05-11","6375.16"
"2019-05-12","7076.24"
"2019-05-13","6968.24"
"2019-05-14","7795.62"
"2019-05-15","7945.26"
"2019-05-16","8169.08"
"2019-05-17","7868.67"
"2019-05-18","7355.28"
"2019-05-19","7257.32"
"2019-05-20","8147.94"
"2019-05-21","7937.16"
"2019-05-22","7904.48"
"2019-05-23","7627.8"
"2019-05-24","7849.95"
"2019-05-25","7964.52"
"2019-05-26","8023.0"
"2019-05-27","8612.54"
"2019-05-28","8752.52"
"2019-05-29","8716.87"
"2019-05-30","8646.5"
"2019-05-31","8267.1"
"2019-06-01","8555.0"
"2019-06-02","8545.1"
"2019-06-03","8726.0"
"2019-06-04","8115.66"
"2019-06-05","7687.04"
"2019-06-06","7778.08"
"2019-06-07","7787.57"
"2019-06-08","7978.94"
"2019-06-09","7895.28"
"2019-06-10","7627.57"
"2019-06-11","7981.0"
"2019-06-12","7884.9"
"2019-06-13","8127.64"
"2019-06-14","8216.44"
"2019-06-15","8650.88"
"2019-06-16","8810.77"
"2019-06-17","8953.0"
"2019-06-18","9312.13"
"2019-06-19","9081.97"
"2019-06-20","9253.76"
"2019-06-21","9518.06"
"2019-06-22","10159.86"
"2019-06-23","10729.0"
"2019-06-24","10905.95"
"2019-06-25","11056.59"
"2019-06-26","11821.28"
"2019-06-27","13098.38"
"2019-06-28","11329.99"
"2019-06-29","12407.06"
"2019-06-30","11903.13"
"2019-07-01","10854.1"
"2019-07-02","10624.9"
"2019-07-03","10844.98"
"2019-07-04","11940.0"
"2019-07-05","11145.67"
"2019-07-06","10982.41"
"2019-07-07","11256.45"
"2019-07-08","11410.0"
"2019-07-09","12238.6"
"2019-07-10","12548.51"
"2019-07-11","12108.11"
"2019-07-12","11342.88"
"2019-07-13","11757.22"
"2019-07-14","11355.78"
"2019-07-15","10174.18"
"2019-07-16","10833.78"
"2019-07-17","9430.17"
"2019-07-18","9668.86"
"2019-07-19","10628.64"
"2019-07-20","10505.78"
"2019-07-21","10740.27"
"2019-07-22","10590.15"
"2019-07-23","10343.08"
"2019-07-24","9864.78"
"2019-07-25","9763.4"
"2019-07-26","9882.15"
"2019-07-27","9824.0"
"2019-07-28","9478.92"
"2019-07-29","9541.54"
"2019-07-30","9509.07"
"2019-07-31","9575.0"
"2019-08-01","10080.53"
"2019-08-02","10375.0"
"2019-08-03","10523.75"
"2019-08-04","10816.86"
"2019-08-05","10929.99"
"2019-08-06","11830.0"
"2019-08-07","11481.69"
"2019-08-08","11975.04"
"2019-08-09","11994.17"
"2019-08-10","11879.98"
"2019-08-11","11309.24"
"2019-08-12","11539.08"
"2019-08-13","11398.35"
"2019-08-14","10893.36"
"2019-08-15","10055.16"
"2019-08-16","10296.77"
"2019-08-17","10331.15"
"2019-08-18","10216.05"
"2019-08-19","10306.17"
"2019-08-20","10914.73"
"2019-08-21","10760.51"
"2019-08-22","10140.82"
"2019-08-23","10099.9"
"2019-08-24","10388.16"
"2019-08-25","10134.61"
"2019-08-26","10142.69"
"2019-08-27","10373.6"
"2019-08-28","10185.69"
"2019-08-29","9721.0"
"2019-08-30","9499.01"
"2019-08-31","9582.76"
"2019-09-01","9588.74"
"2019-09-02","9723.59"
"2019-09-03","10340.0"
"2019-09-04","10611.85"
"2019-09-05","10565.92"
"2019-09-06","10563.13"
"2019-09-07","10298.71"
"2019-09-08","10455.9"
"2019-09-09","10381.24"
"2019-09-10","10302.58"
"2019-09-11","10098.19"
"2019-09-12","10158.75"
"2019-09-13","10415.01"
"2019-09-14","10344.13"
"2019-09-15","10332.81"
"2019-09-16","10303.34"
"2019-09-17","10249.68"
"2019-09-18","10187.48"
"2019-09-19","10156.41"
"2019-09-20","10243.7"
"2019-09-21","10167.92"
"2019-09-22","9985.15"
"2019-09-23","10028.05"
"2019-09-24","9702.2"
"2019-09-25","8497.55"
"2019-09-26","8430.05"
"2019-09-27","8063.49"
"2019-09-28","8177.47"
"2019-09-29","8199.38"
"2019-09-30","8043.04"
"2019-10-01","8289.97"
"2019-10-02","8292.67"
"2019-10-03","8360.0"
"2019-10-04","8224.43"
"2019-10-05","8137.09"
"2019-10-06","8127.55"
"2019-10-07","7855.3"
"2019-10-08","8190.82"
"2019-10-09","8170.79"
"2019-10-10","8562.15"
"2019-10-11","8557.82"
"2019-10-12","8257.95"
"2019-10-13","8301.98"
"2019-10-14","8275.24"
"2019-10-15","8346.86"
"2019-10-16","8159.3"
"2019-10-17","7995.02"
"2019-10-18","8070.71"
"2019-10-19","7946.89"
"2019-10-20","7949.87"
"2019-10-21","8223.35"
"2019-10-22","8197.28"
"2019-10-23","8020.06"
"2019-10-24","7468.47"
"2019-10-25","7412.41"
"2019-10-26","8655.88"
"2019-10-27","9230.0"
"2019-10-28","9528.23"
"2019-10-29","9204.45"
"2019-10-30","9407.62"
"2019-10-31","9154.02"
"2019-11-01","9140.86"
"2019-11-02","9231.4"
"2019-11-03","9289.85"
"2019-11-04","9196.46"
"2019-11-05","9392.4"
"2019-11-06","9307.73"
"2019-11-07","9339.16"
"2019-11-08","9214.0"
"2019-11-09","8773.74"
"2019-11-10","8809.18"
"2019-11-11","9040.16"
"2019-11-12","8733.36"
"2019-11-13","8821.91"
"2019-11-14","8777.54"
"2019-11-15","8646.38"
"2019-11-16","8471.62"
"2019-11-17","8490.74"
"2019-11-18","8502.87"
"2019-11-19","8186.5"
"2019-11-20","8133.83"
"2019-11-21","8098.56"
"2019-11-22","7627.79"
"2019-11-23","7268.23"
"2019-11-24","7311.1"
"2019-11-25","6900.23"
"2019-11-26","7109.99"
"2019-11-27","7154.75"
"2019-11-28","7507.9"
"2019-11-29","7418.52"
"2019-11-30","7740.99"
"2019-12-01","7540.63"
"2019-12-02","7391.5"
"2019-12-03","7294.42"
"2019-12-04","7292.71"
"2019-12-05","7194.59"
"2019-12-06","7389.0"
"2019-12-07","7527.8"
"2019-12-08","7487.31"
"2019-12-09","7510.11"
"2019-12-10","7338.64"
"2019-12-11","7224.15"
"2019-12-12","7210.0"
"2019-12-13","7197.76"
"2019-12-14","7257.37"
"2019-12-15","7064.14"
"2019-12-16","7119.6"
"2019-12-17","6891.44"
"2019-12-18","6623.84"
"2019-12-19","7277.83"
"2019-12-20","7151.31"
"2019-12-21","7188.01"
"2019-12-22","7131.59"
"2019-12-23","7500.71"
"2019-12-24","7317.3"
"2019-12-25","7255.77"
"2019-12-26","7205.01"
"2019-12-27","7202.0"
"2019-12-28","7254.77"
"2019-12-29","7315.36"
"2019-12-30","7388.43"
"2019-12-31","7246.0"
"2020-01-01","7195.24"
"2020-01-02","7200.77"
"2020-01-03","6965.49"
"2020-01-04","7345.0"
"2020-01-05","7354.19"
"2020-01-06","7357.64"
"2020-01-07","7758.9"
"2020-01-08","8145.92"
"2020-01-09","8054.72"
"2020-01-10","7817.74"
"2020-01-11","8198.86"
"2020-01-12","8020.01"
"2020-01-13","8184.97"
"2020-01-14","8110.34"
"2020-01-15","8814.64"
"2020-01-16","8820.01"
"2020-01-17","8720.15"
"2020-01-18","8913.27"
"2020-01-19","8915.09"
"2020-01-20","8701.72"
"2020-01-21","8642.35"
"2020-01-22","8736.04"
"2020-01-23","8682.77"
"2020-01-24","8404.52"
"2020-01-25","8438.99"
"2020-01-26","8340.01"
"2020-01-27","8614.39"
"2020-01-28","8907.57"
"2020-01-29","9375.34"
"2020-01-30","9301.57"
"2020-01-31","9511.52"
"2020-02-01","9351.71"
"2020-02-02","9384.41"
"2020-02-03","9331.59"
"2020-02-04","9291.35"
"2020-02-05","9197.02"
"2020-02-06","9612.03"
"2020-02-07","9772.0"
"2020-02-08","9813.87"
"2020-02-09","9895.04"
"2020-02-10","10151.72"
"2020-02-11","9851.74"
"2020-02-12","10223.08"
"2020-02-13","10325.33"
"2020-02-14","10227.78"
"2020-02-15","10344.36"
"2020-02-16","9904.46"
"2020-02-17","9910.7"
"2020-02-18","9706.0"
"2020-02-19","10164.78"
"2020-02-20","9594.65"
"2020-02-21","9597.21"
"2020-02-22","9677.05"
"2020-02-23","9650.85"
"2020-02-24","9936.4"
"2020-02-25","9655.52"
"2020-02-26","9316.48"
"2020-02-27","8786.0"
"2020-02-28","8823.25"
"2020-02-29","8690.8"
"2020-03-01","8523.61"
"2020-03-02","8530.3"
"2020-03-03","8911.18"
"2020-03-04","8760.07"
"2020-03-05","8750.99"
"2020-03-06","9054.64"
"2020-03-07","9130.89"
"2020-03-08","8885.25"
"2020-03-09","8034.76"
"2020-03-10","7929.87"
"2020-03-11","7894.57"
"2020-03-12","7934.58"
"2020-03-13","4800.01"
"2020-03-14","5576.05"
"2020-03-15","5172.48"
"2020-03-16","5360.33"
"2020-03-17","5028.86"
"2020-03-18","5312.64"
"2020-03-19","5393.26"
"2020-03-20","6162.05"
"2020-03-21","6204.57"
"2020-03-22","6187.04"
"2020-03-23","5816.05"
"2020-03-24","6465.25"
"2020-03-25","6744.69"
"2020-03-26","6677.42"
"2020-03-27","6737.27"
"2020-03-28","6359.11"
"2020-03-29","6236.65"
"2020-03-30","5880.5"
"2020-03-31","6394.45"
"2020-04-01","6412.14"
"2020-04-02","6643.36"
"2020-04-03","6793.86"
"2020-04-04","6732.97"
"2020-04-05","6857.41"
"2020-04-06","6772.78"
"2020-04-07","7329.9"
"2020-04-08","7197.32"
"2020-04-09","7360.26"
"2020-04-10","7283.54"
"2020-04-11","6858.92"
"2020-04-12","6876.84"
"2020-04-13","6903.79"
"2020-04-14","6838.04"
"2020-04-15","6868.57"
"2020-04-16","6621.25"
"2020-04-17","7101.99"
"2020-04-18","7026.78"
"2020-04-19","7248.6"
"2020-04-20","7121.4"
"2020-04-21","6828.98"
"2020-04-22","6841.36"
"2020-04-23","7125.12"
"2020-04-24","7483.96"
"2020-04-25","7505.0"
"2020-04-26","7539.03"
"2020-04-27","7693.1"
"2020-04-28","7773.51"
"2020-04-29","7738.58"
"2020-04-30","8778.58"
"2020-05-01","8620.0"
"2020-05-02","8825.67"
"2020-05-03","8972.58"
"2020-05-04","8894.15"
"2020-05-05","8871.92"
"2020-05-06","9021.36"
"2020-05-07","9143.4"
"2020-05-08","9986.3"
"2020-05-09","9800.02"
"2020-05-10","9539.1"
"2020-05-11","8722.77"
"2020-05-12","8562.04"
"2020-05-13","8810.99"
"2020-05-14","9309.35"
"2020-05-15","9791.97"
"2020-05-16","9315.96"
"2020-05-17","9380.81"
"2020-05-18","9681.11"
"2020-05-19","9733.93"
"2020-05-20","9775.13"
"2020-05-21","9511.43"
"2020-05-22","9067.51"
"2020-05-23","9170.0"
"2020-05-24","9179.01"
"2020-05-25","8718.14"
"2020-05-26","8900.35"
"2020-05-27","8841.0"
"2020-05-28","9204.07"
"2020-05-29","9575.87"
"2020-05-30","9426.6"
"2020-05-31","9697.72"
"2020-06-01","9448.27"
"2020-06-02","10202.71"
"2020-06-03","9518.02"
"2020-06-04","9666.32"
"2020-06-05","9788.14"
"2020-06-06","9621.17"
"2020-06-07","9666.85"
"2020-06-08","9746.99"
"2020-06-09","9782.0"
"2020-06-10","9772.44"
"2020-06-11","9885.22"
"2020-06-12","9278.88"
"2020-06-13","9464.96"
"2020-06-14","9473.34"
"2020-06-15","9342.1"
"2020-06-16","9426.05"
"2020-06-17","9526.97"
"2020-06-18","9465.13"
"2020-06-19","9386.32"
"2020-06-20","9310.23"
"2020-06-21","9358.95"
"2020-06-22","9294.69"
"2020-06-23","9685.69"
"2020-06-24","9624.33"
"2020-06-25","9298.33"
"2020-06-26","9249.49"
"2020-06-27","9162.21"
"2020-06-28","9012.0"
"2020-06-29","9116.16"
"2020-06-30","9192.93"
"2020-07-01","9138.08"
"2020-07-02","9231.99"
"2020-07-03","9086.54"
"2020-07-04","9057.79"
"2020-07-05","9135.0"
"2020-07-06","9069.41"
"2020-07-07","9342.47"
"2020-07-08","9257.4"
"2020-07-09","9436.06"
"2020-07-10","9232.42"
"2020-07-11","9288.34"
"2020-07-12","9234.02"
"2020-07-13","9303.31"
"2020-07-14","9242.61"
"2020-07-15","9255.85"
"2020-07-16","9197.6"
"2020-07-17","9133.72"
"2020-07-18","9154.31"
"2020-07-19","9170.3"
"2020-07-20","9208.99"
"2020-07-21","9160.78"
"2020-07-22","9390.0"
"2020-07-23","9518.16"
"2020-07-24","9603.27"
"2020-07-25","9538.1"
"2020-07-26","9700.42"
"2020-07-27","9931.54"
"2020-07-28","11029.96"
"2020-07-29","10906.27"
"2020-07-30","11100.52"
"2020-07-31","11099.79"
"2020-08-01","11335.46"
"2020-08-02","11801.17"
"2020-08-03","11071.36"
"2020-08-04","11219.68"
"2020-08-05","11191.99"
"2020-08-06","11744.91"
"2020-08-07","11762.47"
"2020-08-08","11594.36"
"2020-08-09","11761.02"
"2020-08-10","11681.69"
"2020-08-11","11892.9"
"2020-08-12","11392.09"
"2020-08-13","11564.34"
"2020-08-14","11779.77"
"2020-08-15","11760.55"
"2020-08-16","11852.4"
"2020-08-17","11910.99"
"2020-08-18","12281.15"
"2020-08-19","11945.1"
"2020-08-20","11754.38"
"2020-08-21","11853.54"
"2020-08-22","11531.23"
"2020-08-23","11663.51"
"2020-08-24","11648.12"
"2020-08-25","11748.19"
"2020-08-26","11318.42"
"2020-08-27","11461.42"
"2020-08-28","11330.38"
"2020-08-29","11526.9"
"2020-08-30","11465.84"
"2020-08-31","11711.17"
"2020-09-01","11649.51"
"2020-09-02","11921.97"
"2020-09-03","11388.54"
"2020-09-04","10138.29"
"2020-09-05","10446.25"
"2020-09-06","10166.69"
"2020-09-07","10255.89"
"2020-09-08","10373.45"
"2020-09-09","10126.66"
"2020-09-10","10219.29"
"2020-09-11","10336.86"
"2020-09-12","10387.89"
"2020-09-13","10440.67"
"2020-09-14","10332.84"
"2020-09-15","10671.77"
"2020-09-16","10785.23"
"2020-09-17","10954.01"
"2020-09-18","10940.0"
"2020-09-19","10933.4"
"2020-09-20","11080.64"
"2020-09-21","10920.28"
"2020-09-22","10417.22"
"2020-09-23","10529.61"
"2020-09-24","10241.46"
"2020-09-25","10736.33"
"2020-09-26","10686.57"
"2020-09-27","10728.59"
"2020-09-28","10774.26"
"2020-09-29","10696.11"
"2020-09-30","10840.58"
"2020-10-01","10776.59"
"2020-10-02","10619.13"
"2020-10-03","10570.4"
"2020-10-04","10542.07"
"2020-10-05","10666.62"
"2020-10-06","10792.2"
"2020-10-07","10599.65"
"2020-10-08","10666.4"
"2020-10-09","10925.44"
"2020-10-10","11050.64"
"2020-10-11","11293.22"
"2020-10-12","11369.02"
"2020-10-13","11528.24"
"2020-10-14","11420.57"
"2020-10-15","11417.89"
"2020-10-16","11505.13"
"2020-10-17","11319.24"
"2020-10-18","11360.31"
"2020-10-19","11503.14"
"2020-10-20","11751.46"
"2020-10-21","11910.0"
"2020-10-22","12780.75"
"2020-10-23","12968.84"
"2020-10-24","12923.06"
"2020-10-25","13111.73"
"2020-10-26","13029.64"
"2020-10-27","13052.15"
"2020-10-28","13636.16"
"2020-10-29","13266.4"
"2020-10-30","13455.69"
"2020-10-31","13560.1"
"2020-11-01","13791.0"
"2020-11-02","13761.49"
"2020-11-03","13549.63"
"2020-11-04","14023.53"
"2020-11-05","14144.01"
"2020-11-06","15590.02"
"2020-11-07","15579.93"
"2020-11-08","14818.3"
"2020-11-09","15475.1"
"2020-11-10","15328.41"
"2020-11-11","15297.21"
"2020-11-12","15684.25"
"2020-11-13","16291.85"
"2020-11-14","16320.04"
"2020-11-15","16069.56"
"2020-11-16","15957.0"
"2020-11-17","16713.08"
"2020-11-18","17659.38"
"2020-11-19","17777.75"
"2020-11-20","17802.81"
"2020-11-21","18655.66"
"2020-11-22","18703.8"
"2020-11-23","18413.88"
"2020-11-24","18368.01"
"2020-11-25","19160.0"
"2020-11-26","18718.83"
"2020-11-27","17149.47"
"2020-11-28","17139.53"
"2020-11-29","17719.84"
"2020-11-30","18185.0"
"2020-12-01","19695.87"
"2020-12-02","18764.96"
"2020-12-03","19204.08"
"2020-12-04","19422.34"
"2020-12-05","18650.51"
"2020-12-06","19147.66"
"2020-12-07","19358.67"
"2020-12-08","19166.9"
"2020-12-09","18324.11"
"2020-12-10","18541.29"
"2020-12-11","18254.81"
"2020-12-12","18036.53"
"2020-12-13","18808.69"
"2020-12-14","19174.99"
"2020-12-15","19273.69"
"2020-12-16","19426.43"
"2020-12-17","21335.52"
"2020-12-18","22797.15"
"2020-12-19","23107.39"
"2020-12-20","23821.6"
"2020-12-21","23455.54"
"2020-12-22","22719.88"
"2020-12-23","23810.79"
"2020-12-24","23232.39"
"2020-12-25","23728.99"
"2020-12-26","24712.47"
"2020-12-27","26493.4"
"2020-12-28","26281.54"
"2020-12-29","27079.42"
"2020-12-30","27385.0"
"2020-12-31","28875.55"
"2021-01-01","28923.63"
"2021-01-02","29331.7"
"2021-01-03","32176.45"
"2021-01-04","33000.05"
"2021-01-05","31989.75"
"2021-01-06","33949.53"
"2021-01-07","36769.36"
"2021-01-08","39432.48"
"2021-01-09","40586.96"
"2021-01-10","40088.22"
"2021-01-11","38150.02"
"2021-01-12","35410.37"
"2021-01-13","34049.15"
"2021-01-14","37371.38"
"2021-01-15","39145.21"
"2021-01-16","36737.43"
"2021-01-17","35994.98"
"2021-01-18","35824.99"
"2021-01-19","36622.46"
"2021-01-20","35901.94"
"2021-01-21","35468.23"
"2021-01-22","30851.99"
"2021-01-23","32950.0"
"2021-01-24","32078.0"
"2021-01-25","32259.45"
"2021-01-26","32254.19"
"2021-01-27","32464.01"
"2021-01-28","30362.19"
"2021-01-29","33368.18"
"2021-01-30","34246.28"
"2021-01-31","34262.89"
"2021-02-01","33092.97"
"2021-02-02","33517.09"
"2021-02-03","35472.71"
"2021-02-04","37620.26"
"2021-02-05","36936.65"
"2021-02-06","38289.32"
"2021-02-07","39181.01"
"2021-02-08","38795.69"
"2021-02-09","46374.86"
"2021-02-10","46420.42"
"2021-02-11","44807.58"
"2021-02-12","47968.66"
"2021-02-13","47298.15"
"2021-02-14","47156.78"
"2021-02-15","48580.47"
"2021-02-16","47911.1"
"2021-02-17","49133.45"
"2021-02-18","52117.67"
"2021-02-19","51552.61"
"2021-02-20","55906.0"
"2021-02-21","55841.19"
"2021-02-22","57412.35"
"2021-02-23","54087.67"
"2021-02-24","48891.0"
"2021-02-25","49676.21"
"2021-02-26","47073.73"
"2021-02-27","46276.88"
"2021-02-28","46103.67"
"2021-03-01","45134.11"
"2021-03-02","49595.76"
"2021-03-03","48436.61"
"2021-03-04","50349.37"
"2021-03-05","48374.09"
"2021-03-06","48746.81"
"2021-03-07","48882.2"
"2021-03-08","50959.11"
"2021-03-09","52375.18"
"2021-03-10","54874.67"
"2021-03-11","55851.59"
"2021-03-12","57773.15"
"2021-03-13","57221.72"
"2021-03-14","61188.38"
"2021-03-15","58976.08"
"2021-03-16","55605.2"
"2021-03-17","56900.74"
"2021-03-18","58912.97"
"2021-03-19","57641.0"
"2021-03-20","58030.01"
"2021-03-21","58100.02"
"2021-03-22","57351.56"
"2021-03-23","54083.25"
"2021-03-24","54342.8"
"2021-03-25","52303.66"
"2021-03-26","51293.78"
"2021-03-27","55025.59"
"2021-03-28","55817.14"
"2021-03-29","55777.65"
"2021-03-30","57635.46"
"2021-03-31","58746.57"
"2021-04-01","58739.46"
"2021-04-02","58720.45"
"2021-04-03","58950.01"
"2021-04-04","57051.95"
"2021-04-05","58202.01"
"2021-04-06","59129.99"
"2021-04-07","57990.03"
"2021-04-08","55953.44"
"2021-04-09","58077.52"
"2021-04-10","58142.55"
"2021-04-11","59769.13"
"2021-04-12","59998.8"
"2021-04-13","59860.01"
"2021-04-14","63575.01"
"2021-04-15","62959.53"
"2021-04-16","63158.74"
"2021-04-17","61334.81"
"2021-04-18","60006.67"
"2021-04-19","56150.01"
"2021-04-20","55633.14"
"2021-04-21","56425.0"
"2021-04-22","53787.62"
"2021-04-23","51690.95"
"2021-04-24","51110.56"
"2021-04-25","50047.84"
"2021-04-26","49066.76"
"2021-04-27","54001.38"
"2021-04-28","55011.97"
"2021-04-29","54846.23"
"2021-04-30","53555.0"
"2021-05-01","57697.25"
"2021-05-02","57797.35"
"2021-05-03","56578.21"
"2021-05-04","57169.39"
"2021-05-05","53205.05"
"2021-05-06","57436.11"
"2021-05-07","56393.68"
"2021-05-08","57315.49"
"2021-05-09","58866.53"
"2021-05-10","58240.83"
"2021-05-11","55816.14"
"2021-05-12","56670.02"
"2021-05-13","49537.15"
"2021-05-14","49671.92"
"2021-05-15","49844.16"
"2021-05-16","46762.99"
"2021-05-17","46426.83"
"2021-05-18","43538.02"
"2021-05-19","42849.78"
"2021-05-20","36671.23"
"2021-05-21","40525.39"
"2021-05-22","37263.35"
"2021-05-23","37458.51"
"2021-05-24","34681.44"
"2021-05-25","38810.99"
"2021-05-26","38324.72"
"2021-05-27","39241.92"
"2021-05-28","38529.99"
"2021-05-29","35661.79"
"2021-05-30","34605.15"
"2021-05-31","35641.26"
"2021-06-01","37253.82"
"2021-06-02","36694.85"
"2021-06-03","37568.68"
"2021-06-04","39246.78"
"2021-06-05","36829.15"
"2021-06-06","35516.07"
"2021-06-07","35796.31"
"2021-06-08","33556.96"
"2021-06-09","33380.8"
"2021-06-10","37388.05"
"2021-06-11","36677.83"
"2021-06-12","37331.98"
"2021-06-13","35546.12"
"2021-06-14","39020.56"
"2021-06-15","40516.28"
"2021-06-16","40143.8"
"2021-06-17","38349.0"
"2021-06-18","38092.97"
"2021-06-19","35820.48"
"2021-06-20","35483.72"
"2021-06-21","35600.17"
"2021-06-22","31614.12"
"2021-06-23","32509.56"
"2021-06-24","33675.07"
"2021-06-25","34663.08"
"2021-06-26","31576.09"
"2021-06-27","32283.65"
"2021-06-28","34702.49"
"2021-06-29","34494.89"
"2021-06-30","35911.72"
"2021-07-01","35045.0"
"2021-07-02","33502.33"
"2021-07-03","33786.54"
"2021-07-04","34669.12"
"2021-07-05","35288.13"
"2021-07-06","33690.15"
"2021-07-07","34220.02"
"2021-07-08","33862.11"
"2021-07-09","32875.71"
"2021-07-10","33815.81"
"2021-07-11","33502.87"
"2021-07-12","34259.0"
"2021-07-13","33086.94"
"2021-07-14","32729.12"
"2021-07-15","32820.03"
"2021-07-16","31874.49"
"2021-07-17","31383.86"
"2021-07-18","31520.07"
"2021-07-19","31778.57"
"2021-07-20","30839.65"
"2021-07-21","29790.34"
"2021-07-22","32144.51"
"2021-07-23","32287.58"
"2021-07-24","33634.1"
"2021-07-25","34261.51"
"2021-07-26","35381.02"
"2021-07-27","37241.33"
"2021-07-28","39456.61"
"2021-07-29","40019.57"
"2021-07-30","40018.49"
"2021-07-31","42206.36"
"2021-08-01","41461.84"
"2021-08-02","39850.27"
"2021-08-03","39146.86"
"2021-08-04","38207.04"
"2021-08-05","39723.17"
"2021-08-06","40862.46"
"2021-08-07","42836.87"
"2021-08-08","44572.54"
"2021-08-09","43794.36"
"2021-08-10","46248.87"
"2021-08-11","45585.0"
"2021-08-12","45510.67"
"2021-08-13","44400.06"
"2021-08-14","47799.99"
"2021-08-15","47068.5"
"2021-08-16","46973.82"
"2021-08-17","45901.3"
"2021-08-18","44695.95"
"2021-08-19","44699.37"
"2021-08-20","46760.62"
"2021-08-21","49322.47"
"2021-08-22","48821.88"
"2021-08-23","49239.22"
"2021-08-24","49488.85"
"2021-08-25","47674.01"
"2021-08-26","48973.32"
"2021-08-27","46843.86"
"2021-08-28","49069.9"
"2021-08-29","48895.35"
"2021-08-30","48767.84"
"2021-08-31","46982.91"
"2021-09-01","47100.89"
"2021-09-02","48810.51"
"2021-09-03","49246.63"
"2021-09-04","49998.0"
"2021-09-05","49917.54"
"2021-09-06","51756.88"
"2021-09-07","52666.2"
"2021-09-08","46868.57"
"2021-09-09","46048.31"
"2021-09-10","46395.14"
"2021-09-11","44842.2"
"2021-09-12","45173.68"
"2021-09-13","46025.23"
"2021-09-14","44940.72"
"2021-09-15","47103.28"
"2021-09-16","48121.4"
"2021-09-17","47737.81"
"2021-09-18","47299.98"
"2021-09-19","48292.75"
"2021-09-20","47241.75"
"2021-09-21","43016.64"
"2021-09-22","40734.09"
"2021-09-23","43546.37"
"2021-09-24","44865.26"
"2021-09-25","42810.58"
"2021-09-26","42670.63"
"2021-09-27","43160.9"
"2021-09-28","42147.35"
"2021-09-29","41025.01"
"2021-09-30","41524.29"
"2021-10-01","43820.01"
"2021-10-02","48141.6"
"2021-10-03","47634.89"
"2021-10-04","48200.01"
"2021-10-05","49224.93"
"2021-10-06","51471.99"
"2021-10-07","55315.0"
"2021-10-08","53785.22"
"2021-10-09","53955.67"
"2021-10-10","54949.72"
"2021-10-11","54659.01"
"2021-10-12","57471.35"
"2021-10-13","55996.91"
"2021-10-14","57370.83"
"2021-10-15","57347.94"
"2021-10-16","61672.42"
"2021-10-17","60875.57"
"2021-10-18","61528.32"
"2021-10-19","62005.6"
"2021-10-20","64280.59"
"2021-10-21","66001.4"
"2021-10-22","62193.15"
"2021-10-23","60688.23"
"2021-10-24","61286.75"
"2021-10-25","60852.22"
"2021-10-26","63078.78"
"2021-10-27","60328.81"
"2021-10-28","58413.44"
"2021-10-29","60575.9"
"2021-10-30","62253.7"
"2021-10-31","61859.19"
"2021-11-01","61299.81"
"2021-11-02","60911.12"
"2021-11-03","63220.57"
"2021-11-04","62896.49"
"2021-11-05","61395.01"
"2021-11-06","60940.18"
"2021-11-07","61470.62"
"2021-11-08","63273.58"
"2021-11-09","67525.82"
"2021-11-10","66947.67"
"2021-11-11","64882.42"
"2021-11-12","64774.25"
"2021-11-13","64122.22"
"2021-11-14","64380.01"
"2021-11-15","65519.11"
"2021-11-16","63606.73"
"2021-11-17","60058.87"
"2021-11-18","60344.86"
"2021-11-19","56891.62"
"2021-11-20","58057.1"
"2021-11-21","59707.52"
"2021-11-22","58617.7"
"2021-11-23","56243.83"
"2021-11-24","57541.26"
"2021-11-25","57138.29"
"2021-11-26","58960.37"
"2021-11-27","53723.72"
"2021-11-28","54716.47"
"2021-11-29","57274.89"
"2021-11-30","57776.25"
"2021-12-01","56950.56"
"2021-12-02","57184.07"
"2021-12-03","56484.26"
"2021-12-04","53601.05"
"2021-12-05","49152.46"
"2021-12-06","49396.32"
"2021-12-07","50441.91"
"2021-12-08","50588.95"
"2021-12-09","50471.19"
"2021-12-10","47535.9"
"2021-12-11","47140.54"
"2021-12-12","49389.99"
"2021-12-13","50053.9"
"2021-12-14","46702.76"
"2021-12-15","48336.95"
"2021-12-16","48864.98"
"2021-12-17","47632.38"
"2021-12-18","46133.83"
"2021-12-19","46834.47"
"2021-12-20","46681.24"
"2021-12-21","46914.17"
"2021-12-22","48887.59"
"2021-12-23","48588.17"
"2021-12-24","50838.82"
"2021-12-25","50819.99"
"2021-12-26","50399.67"
"2021-12-27","50775.48"
"2021-12-28","50701.44"
"2021-12-29","47543.74"
"2021-12-30","46464.66"
"2021-12-31","47120.88"
"2022-01-01","46216.93"
"2022-01-02","47722.66"
"2022-01-03","47286.18"
"2022-01-04","46446.1"
"2022-01-05","45832.01"
"2022-01-06","43451.14"
"2022-01-07","43082.3"
"2022-01-08","41566.48"
"2022-01-09","41679.74"
"2022-01-10","41864.62"
"2022-01-11","41822.49"
"2022-01-12","42729.29"
"2022-01-13","43902.65"
"2022-01-14","42558.35"
"2022-01-15","43059.96"
"2022-01-16","43084.29"
"2022-01-17","43071.66"
"2022-01-18","42201.63"
"2022-01-19","42352.12"
"2022-01-20","41660.0"
"2022-01-21","40680.92"
"2022-01-22","36445.31"
"2022-01-23","35071.42"
"2022-01-24","36244.55"
"2022-01-25","36660.35"
"2022-01-26","36958.32"
"2022-01-27","36807.24"
"2022-01-28","37160.11"
"2022-01-29","37716.57"
"2022-01-30","38166.83"
"2022-01-31","37881.75"
"2022-02-01","38466.9"
"2022-02-02","38694.59"
"2022-02-03","36896.37"
"2022-02-04","37311.98"
"2022-02-05","41571.7"
"2022-02-06","41382.6"
"2022-02-07","42380.87"
"2022-02-08","43839.99"
"2022-02-09","44043.0"
"2022-02-10","44372.71"
"2022-02-11","43495.44"
"2022-02-12","42373.73"
"2022-02-13","42217.87"
"2022-02-14","42053.65"
"2022-02-15","42535.94"
"2022-02-16","44544.85"
"2022-02-17","43873.56"
"2022-02-18","40515.71"
"2022-02-19","39974.45"
"2022-02-20","40079.17"
"2022-02-21","38386.89"
"2022-02-22","37008.16"
"2022-02-23","38230.33"
"2022-02-24","37250.02"
"2022-02-25","38328.68"
"2022-02-26","39219.16"
"2022-02-27","39116.73"
"2022-02-28","37699.08"
"2022-03-01","43160.0"
"2022-03-02","44421.2"
"2022-03-03","43892.99"
"2022-03-04","42454.0"
"2022-03-05","39148.65"
"2022-03-06","39397.97"
"2022-03-07","38420.8"
"2022-03-08","37988.01"
"2022-03-09","38730.63"
"2022-03-10","41941.7"
"2022-03-11","39422.01"
"2022-03-12","38729.57"
"2022-03-13","38807.35"
"2022-03-14","37777.35"
"2022-03-15","39671.37"
"2022-03-16","39280.33"
"2022-03-17","41114.01"
"2022-03-18","40917.89"
"2022-03-19","41757.51"
"2022-03-20","42201.13"
"2022-03-21","41262.11"
"2022-03-22","41002.26"
"2022-03-23","42364.13"
"2022-03-24","42882.76"
"2022-03-25","43991.46"
"2022-03-26","44313.16"
"2022-03-27","44511.27"
"2022-03-28","46827.76"
"2022-03-29","47122.21"
"2022-03-30","47434.79"
"2022-03-31","47067.99"
"2022-04-01","45510.35"
"2022-04-02","46283.49"
"2022-04-03","45810.99"
"2022-04-04","46407.36"
"2022-04-05","46580.5"
"2022-04-06","45497.54"
"2022-04-07","43170.47"
"2022-04-08","43444.2"
"2022-04-09","42252.02"
"2022-04-10","42753.96"
"2022-04-11","42158.85"
"2022-04-12","39530.45"
"2022-04-13","40074.95"
"2022-04-14","41147.78"
"2022-04-15","39942.37"
"2022-04-16","40551.9"
"2022-04-17","40378.7"
"2022-04-18","39678.11"
"2022-04-19","40801.13"
"2022-04-20","41493.19"
"2022-04-21","41358.19"
"2022-04-22","40480.01"
"2022-04-23","39709.19"
"2022-04-24","39441.61"
"2022-04-25","39450.12"
"2022-04-26","40426.08"
"2022-04-27","38112.64"
"2022-04-28","39235.72"
"2022-04-29","39742.06"
"2022-04-30","38596.11"
"2022-05-01","37630.8"
"2022-05-02","38468.35"
"2022-05-03","38525.16"
"2022-05-04","37728.95"
"2022-05-05","39690.0"
"2022-05-06","36552.97"
"2022-05-07","36013.77"
"2022-05-08","35472.4"
"2022-05-09","34038.39"
"2022-05-10","30074.23"
"2022-05-11","31017.11"
"2022-05-12","29103.94"
"2022-05-13","29029.74"
"2022-05-14","29287.05"
"2022-05-15","30086.74"
"2022-05-16","31328.89"
"2022-05-17","29874.01"
"2022-05-18","30444.93"
"2022-05-19","28715.33"
"2022-05-20","30319.22"
"2022-05-21","29201.01"
"2022-05-22","29445.07"
"2022-05-23","30293.93"
"2022-05-24","29109.14"
"2022-05-25","29654.58"
"2022-05-26","29542.14"
"2022-05-27","29201.35"
"2022-05-28","28629.81"
"2022-05-29","29031.33"
"2022-05-30","29468.1"
"2022-05-31","31734.23"
"2022-06-01","31801.05"
"2022-06-02","29805.84"
"2022-06-03","30452.63"
"2022-06-04","29700.21"
"2022-06-05","29864.03"
"2022-06-06","29919.2"
"2022-06-07","31373.1"
"2022-06-08","31125.32"
"2022-06-09","30204.77"
"2022-06-10","30109.93"
"2022-06-11","29091.87"
"2022-06-12","28424.71"
"2022-06-13","26574.53"
"2022-06-14","22485.27"
"2022-06-15","22136.42"
"2022-06-16","22583.72"
"2022-06-17","20400.6"
"2022-06-18","20468.81"
"2022-06-19","18970.79"
"2022-06-20","20574.0"
"2022-06-21","20573.9"
"2022-06-22","20723.51"
"2022-06-23","19988.0"
"2022-06-24","21110.12"
"2022-06-25","21237.68"
"2022-06-26","21491.18"
"2022-06-27","21038.08"
"2022-06-28","20742.57"
"2022-06-29","20281.28"
"2022-06-30","20123.0"
"2022-07-01","19942.21"
"2022-07-02","19279.8"
"2022-07-03","19252.82"
"2022-07-04","19315.83"
"2022-07-05","20236.71"
"2022-07-06","20175.84"
"2022-07-07","20564.51"
"2022-07-08","21624.99"
"2022-07-09","21594.75"
"2022-07-10","21592.15"
"2022-07-11","20861.11"
"2022-07-12","19963.61"
"2022-07-13","19331.28"
"2022-07-14","20234.87"
"2022-07-15","20588.84"
"2022-07-16","20830.04"
"2022-07-17","21195.6"
"2022-07-18","20799.58"
"2022-07-19","22432.58"
"2022-07-20","23398.48"
"2022-07-21","23223.3"
"2022-07-22","23152.19"
"2022-07-23","22684.83"
"2022-07-24","22448.58"
"2022-07-25","22577.13"
"2022-07-26","21310.9"
"2022-07-27","21254.67"
"2022-07-28","22954.31"
"2022-07-29","23845.25"
"2022-07-30","23777.28"
"2022-07-31","23644.64"
"2022-08-01","23296.36"
"2022-08-02","23266.9"
"2022-08-03","22985.93"
"2022-08-04","22816.91"
"2022-08-05","22622.41"
"2022-08-06","23313.56"
"2022-08-07","22954.21"
"2022-08-08","23174.39"
"2022-08-09","23810.98"
"2022-08-10","23151.32"
"2022-08-11","23954.05"
"2022-08-12","23933.09"
"2022-08-13","24401.7"
"2022-08-14","24443.06"
"2022-08-15","24305.25"
"2022-08-16","24093.04"
"2022-08-17","23856.15"
"2022-08-18","23342.66"
"2022-08-19","23191.45"
"2022-08-20","20834.39"
"2022-08-21","21140.07"
"2022-08-22","21516.7"
"2022-08-23","21400.75"
"2022-08-24","21529.11"
"2022-08-25","21368.05"
"2022-08-26","21559.04"
"2022-08-27","20239.14"
"2022-08-28","20037.6"
"2022-08-29","19555.61"
"2022-08-30","20287.2"
"2022-08-31","19813.03"
"2022-09-01","20048.44"
"2022-09-02","20132.64"
"2022-09-03","19950.98"
"2022-09-04","19832.45"
"2022-09-05","20000.3"
"2022-09-06","19795.34"
"2022-09-07","18790.61"
"2022-09-08","19292.85"
"2022-09-09","19320.54"
"2022-09-10","21361.62"
"2022-09-11","21647.21"
"2022-09-12","21826.87"
"2022-09-13","22395.44"
"2022-09-14","20173.62"
"2022-09-15","20227.17"
"2022-09-16","19701.88"
"2022-09-17","19803.3"
"2022-09-18","20112.61"
"2022-09-19","19417.45"
"2022-09-20","19537.02"
"2022-09-21","18874.31"
"2022-09-22","18461.36"
"2022-09-23","19401.63"
"2022-09-24","19288.57"
"2022-09-25","18921.99"
"2022-09-26","18809.13"
"2022-09-27","19226.68"
"2022-09-28","19078.1"
"2022-09-29","19412.82"
"2022-09-30","19590.54"
"2022-10-01","19422.61"
"2022-10-02","19312.24"
"2022-10-03","19057.74"
"2022-10-04","19629.08"
"2022-10-05","20337.82"
"2022-10-06","20158.26"
"2022-10-07","19960.67"
"2022-10-08","19530.09"
"2022-10-09","19416.52"
"2022-10-10","19439.96"
"2022-10-11","19131.87"
"2022-10-12","19060.0"
"2022-10-13","19155.1"
"2022-10-14","19375.58"
"2022-10-15","19176.93"
"2022-10-16","19068.4"
"2022-10-17","19262.98"
"2022-10-18","19548.48"
"2022-10-19","19327.44"
"2022-10-20","19123.35"
"2022-10-21","19041.92"
"2022-10-22","19164.37"
"2022-10-23","19204.29"
"2022-10-24","19570.4"
"2022-10-25","19330.6"
"2022-10-26","20079.02"
"2022-10-27","20771.61"
"2022-10-28","20295.11"
"2022-10-29","20591.84"
"2022-10-30","20809.68"
"2022-10-31","20627.48"
"2022-11-01","20490.74"
"2022-11-02","20482.81"
"2022-11-03","20151.84"
"2022-11-04","20207.12"
"2022-11-05","21148.52"
"2022-11-06","21299.37"
"2022-11-07","20905.58"
"2022-11-08","20590.67"
"2022-11-09","18545.38"
"2022-11-10","15922.68"
"2022-11-11","17602.45"
"2022-11-12","17069.98"
"2022-11-13","16813.16"
"2022-11-14","16331.78"
"2022-11-15","16617.72"
"2022-11-16","16900.57"
"2022-11-17","16661.61"
"2022-11-18","16692.56"
"2022-11-19","16699.43"
"2022-11-20","16700.68"
"2022-11-21","16279.5"
"2022-11-22","15781.29"
"2022-11-23","16227.96"
"2022-11-24","16603.11"
"2022-11-25","16599.55"
"2022-11-26","16521.35"
"2022-11-27","16457.61"
"2022-11-28","16428.77"
"2022-11-29","16212.18"
"2022-11-30","16442.91"
"2022-12-01","17165.53"
"2022-12-02","16978.0"
"2022-12-03","17092.13"
"2022-12-04","16885.2"
"2022-12-05","17106.65"
"2022-12-06","16966.35"
"2022-12-07","17088.96"
"2022-12-08","16836.64"
"2022-12-09","17224.1"
"2022-12-10","17128.56"
"2022-12-11","17127.49"
"2022-12-12","17085.05"
"2022-12-13","17208.93"
"2022-12-14","17775.82"
"2022-12-15","17804.01"
"2022-12-16","17356.96"
"2022-12-17","16631.5"
"2022-12-18","16777.54"
"2022-12-19","16739.0"
"2022-12-20","16438.88"
"2022-12-21","16896.15"
"2022-12-22","16824.68"
"2022-12-23","16821.9"
"2022-12-24","16778.52"
"2022-12-25","16835.73"
"2022-12-26","16832.11"
"2022-12-27","16919.39"
"2022-12-28","16706.06"
"2022-12-29","16547.32"
"2022-12-30","16633.47"
"2022-12-31","16607.48"
"2023-01-01","16541.77"
"2023-01-02","16617.17"
"2023-01-03","16672.78"
"2023-01-04","16675.65"
"2023-01-05","16850.36"
"2023-01-06","16831.85"
"2023-01-07","16950.31"
"2023-01-08","16943.83"
"2023-01-09","17127.83"
"2023-01-10","17179.04"
"2023-01-11","17440.64"
"2023-01-12","17943.26"
"2023-01-13","18846.62"
"2023-01-14","19930.01"
"2023-01-15","20952.76"
"2023-01-16","20872.99"
"2023-01-17","21185.65"
"2023-01-18","21132.29"
